game_id,espn_game_id,game_uid,season,season_type,date,week,home_away,winner,team_id,team_uid,team_city,team_name,team_abbr,team_full,team_color,team_color_alt,team_logo,team_order,team_score,team_record,pass_att,pass_cmp,pass_yds,pass_avg,pass_td,pass_int,pass_sacks,pass_sack_yds,pass_qbr,pass_rtg,rush_att,rush_yds,rush_avg,rush_td,rush_long,rec_total,rec_yds,rec_avg,rec_td,rec_long,rec_tgts,fum_total,fum_lost,fum_rec,def_tkl,def_solo_tkl,def_sacks,def_tfl,def_pd,def_qb_hts,def_td,int_total,int_yds,int_td,kick_ret_no,kick_ret_yds,kick_ret_avg,kick_ret_long,kick_ret_td,punt_ret_no,punt_ret_yds,punt_ret_avg,punt_ret_long,punt_ret_td,kick_fg_made,kick_fg_att,kick_fg_pct,kick_long,kick_xp_made,kick_xp_att,kick_pts,punt_no,punt_yds,punt_avg,punt_tb,punt_in_20,punt_long,first_downs,pass_1st_downs,rush_1st_downs,first_downs_from_penalties,third_down_conv,third_down_att,fourth_down_conv,fourth_down_att,total_plays,total_yards,yards_per_play,total_drives,redzone_att,redzone_conv,penalties,pen_yards,turnovers,def_sp_tds,possess_time,current,wallclockAvailable,guid,boxscoreMinutes,gameNote
2026_01_NE_SEA,401872656,s:20~l:28~e:401872656,2026,2,2026-09-10T00:20Z,1,away,0,17,s:20~l:28~t:17,New England,Patriots,NE,New England Patriots,002a5c,c60c30,https://a.espncdn.com/i/teamlogos/nfl/500/ne.png,1,10,0-1,23,33,168,5.4,1,3,3,10,NA,54.9,31,109,3.5,0,16,23,178,7.7,1,19,31,NA,NA,NA,52,38,2,3,2,6,0,NA,NA,NA,4,107,26.8,29,0,NA,NA,NA,NA,NA,1,1,100,50,1,1,4,4,177,44.3,0,3,46,19,9,7,3,5,16,2,2,67,277,4.1,9,2,1,7,50,3,0,34:17,TRUE,TRUE,0078f353-fe3e-67ed-a42c-43cca0568e21,TRUE,NA
2026_01_NE_SEA,401872656,s:20~l:28~e:401872656,2026,2,2026-09-10T00:20Z,1,home,1,26,s:20~l:28~t:26,Seattle,Seahawks,SEA,Seattle Seahawks,002a5c,69be28,https://a.espncdn.com/i/teamlogos/nfl/500/sea.png,0,13,1-0,17,24,188,8.3,1,0,2,12,NA,109.7,22,97,4.4,0,14,17,200,11.8,1,45,24,NA,NA,NA,74,44,3,9,6,5,0,3,30,0,3,80,26.7,30,0,1,9,9,9,0,2,2,100,30,1,1,7,5,227,45.4,0,3,50,13,9,4,0,2,11,1,1,48,285,5.9,10,2,0,10,98,0,0,25:43,TRUE,TRUE,3767a23c-a17d-294f-288a-9086ad1f0680,TRUE,NA
2026_01_SF_LA,401872657,s:20~l:28~e:401872657,2026,2,2026-09-11T00:35Z,1,away,1,25,s:20~l:28~t:25,San Francisco,49ers,SF,San Francisco 49ers,aa0000,b3995d,https://a.espncdn.com/i/teamlogos/nfl/500/sf.png,1,27,1-0,25,34,205,6,3,1,0,0,NA,105.6,30,174,5.8,0,18,25,205,8.2,3,39,34,0,0,1,69,33,0,2,4,8,0,1,0,0,2,74,37,45,0,2,17,8.5,13,0,2,3,66.7,56,3,3,9,2,94,47,1,0,51,23,12,10,1,7,12,0,0,64,379,5.9,9,3,2,2,21,1,0,33:50,TRUE,TRUE,985a261f-296c-c95c-32a5-addc4df75001,TRUE,NFL Melbourne Game
2026_01_SF_LA,401872657,s:20~l:28~e:401872657,2026,2,2026-09-11T00:35Z,1,home,0,14,s:20~l:28~t:14,Los Angeles,Rams,LA,Los Angeles Rams,003594,ffd100,https://a.espncdn.com/i/teamlogos/nfl/500/lar.png,0,7,0-1,17,28,168,6,0,1,0,0,NA,62.8,29,122,4.2,1,13,17,168,9.9,0,41,27,2,1,1,78,36,0,1,7,2,0,1,0,0,5,119,23.8,31,0,1,11,11,11,0,0,0,0,0,1,1,1,3,145,48.3,0,2,54,15,6,7,2,2,9,1,3,57,290,5.1,10,3,1,4,43,2,0,26:10,TRUE,TRUE,2e1473b2-e269-fd7a-1137-c1edacb85986,TRUE,NFL Melbourne Game
2026_01_CHI_CAR,401872661,s:20~l:28~e:401872661,2026,2,2026-09-13T17:00Z,1,away,1,3,s:20~l:28~t:3,Chicago,Bears,CHI,Chicago Bears,0b1c3a,e64100,https://a.espncdn.com/i/teamlogos/nfl/500/chi.png,1,59,1-0,21,29,261,9.3,2,0,2,8,NA,124.1,39,291,7.5,6,61,21,269,12.8,2,47,26,1,1,2,65,31,2,2,3,5,0,1,0,0,4,85,21.3,23,0,1,23,23,23,0,1,1,100,40,8,8,11,2,102,51,0,0,54,26,13,11,2,10,14,0,1,70,552,7.9,14,4,4,12,57,1,0,34:03,TRUE,TRUE,19d73366-b5a5-cca2-a176-a2c024ce0bb3,TRUE,NA
2026_01_CHI_CAR,401872661,s:20~l:28~e:401872661,2026,2,2026-09-13T17:00Z,1,home,0,29,s:20~l:28~t:29,Carolina,Panthers,CAR,Carolina Panthers,0085ca,000000,https://a.espncdn.com/i/teamlogos/nfl/500/car.png,0,37,0-1,23,38,353,9.5,3,1,2,8,NA,107.5,22,125,5.7,2,24,23,361,15.7,3,51,34,2,2,1,73,46,2,4,1,3,0,NA,NA,NA,7,153,21.9,29,0,2,17,8.5,17,0,1,1,100,44,4,5,7,3,147,49,1,0,61,24,17,5,2,4,9,0,1,62,478,7.7,13,4,4,11,84,3,0,25:57,TRUE,TRUE,647c27bf-ab86-550e-5b83-91c29e73e4a9,TRUE,NA
2026_01_TB_CIN,401872925,s:20~l:28~e:401872925,2026,2,2026-09-13T17:00Z,1,away,0,27,s:20~l:28~t:27,Tampa Bay,Buccaneers,TB,Tampa Bay Buccaneers,bd1c36,3e3a35,https://a.espncdn.com/i/teamlogos/nfl/500/tb.png,1,27,0-1,23,28,193,7.7,0,0,4,23,NA,98.8,20,89,4.5,2,10,23,216,9.4,0,30,27,4,4,0,67,46,1,5,6,6,1,1,38,1,7,206,29.4,47,0,1,13,13,13,0,2,2,100,51,3,3,9,NA,NA,NA,NA,NA,NA,19,12,5,2,5,10,0,0,52,282,5.4,9,4,2,8,39,4,1,28:35,TRUE,TRUE,13e8b157-a75a-ff24-ae91-fa3d52ddf204,TRUE,NA
2026_01_TB_CIN,401872925,s:20~l:28~e:401872925,2026,2,2026-09-13T17:00Z,1,home,1,4,s:20~l:28~t:4,Cincinnati,Bengals,CIN,Cincinnati Bengals,fb4f14,000000,https://a.espncdn.com/i/teamlogos/nfl/500/cin.png,0,33,1-0,25,35,245,7.3,1,1,1,9,NA,89.5,27,106,3.9,1,13,25,254,10.2,1,29,34,0,0,4,63,41,4,5,1,6,1,NA,NA,NA,6,142,23.7,26,0,NA,NA,NA,NA,NA,4,4,100,58,3,3,15,1,51,51,0,0,51,26,14,10,2,8,14,0,0,63,351,5.6,9,5,2,7,47,1,1,31:25,TRUE,TRUE,75b8623b-8926-b411-0476-3d3602b78523,TRUE,NA
2026_01_NO_DET,401872923,s:20~l:28~e:401872923,2026,2,2026-09-13T17:00Z,1,away,0,18,s:20~l:28~t:18,New Orleans,Saints,NO,New Orleans Saints,d3bc8d,000000,https://a.espncdn.com/i/teamlogos/nfl/500/no.png,1,30,0-1,35,56,378,7.3,3,2,5,32,NA,87.6,25,91,3.6,1,18,35,410,11.7,3,47,52,2,1,2,85,41,1,5,5,8,0,NA,NA,NA,4,74,18.5,21,0,4,21,5.3,16,0,1,2,50,28,3,3,6,5,238,47.6,0,2,57,29,19,7,3,8,17,2,2,86,469,5.5,14,5,4,6,53,3,0,31:35,TRUE,TRUE,97d2f6c9-2f22-459c-306a-046941ccab2a,TRUE,NA
2026_01_NO_DET,401872923,s:20~l:28~e:401872923,2026,2,2026-09-13T17:00Z,1,home,1,8,s:20~l:28~t:8,Detroit,Lions,DET,Detroit Lions,0076b6,bbbbbb,https://a.espncdn.com/i/teamlogos/nfl/500/det.png,0,31,1-0,26,39,204,5.3,2,0,1,2,NA,96.7,33,165,5,2,21,26,206,7.9,2,22,39,2,1,2,82,54,5,7,8,9,0,2,4,0,4,84,21,33,0,3,35,11.7,17,0,1,1,100,23,4,4,7,7,336,48,1,3,56,26,10,14,2,5,13,0,0,73,369,5.1,14,5,4,8,61,1,0,36:51,TRUE,TRUE,56caffee-178d-f6f2-a076-b277486b8c32,TRUE,NA
2026_01_BUF_HOU,401872660,s:20~l:28~e:401872660,2026,2,2026-09-13T17:00Z,1,away,1,2,s:20~l:28~t:2,Buffalo,Bills,BUF,Buffalo Bills,00338d,d50a0a,https://a.espncdn.com/i/teamlogos/nfl/500/buf.png,1,36,1-0,20,29,323,11.5,2,0,2,11,NA,130.5,21,86,4.1,2,21,20,334,16.7,2,43,28,2,0,4,92,40,3,8,2,9,0,NA,NA,NA,5,133,26.6,37,0,2,10,5,10,0,3,3,100,46,3,3,12,2,109,54.5,0,1,63,20,13,5,2,3,9,0,1,52,409,7.9,12,3,1,10,85,0,0,23:43,TRUE,TRUE,232afaf2-01ac-fcc2-8bd6-66550df1703a,TRUE,NA
2026_01_BUF_HOU,401872660,s:20~l:28~e:401872660,2026,2,2026-09-13T17:00Z,1,home,0,34,s:20~l:28~t:34,Houston,Texans,HOU,Houston Texans,021018,eb0028,https://a.espncdn.com/i/teamlogos/nfl/500/hou.png,0,31,0-1,26,38,257,7.2,2,0,3,17,NA,106.7,32,124,3.9,2,18,26,274,10.5,2,35,37,2,2,0,57,29,2,3,5,4,0,NA,NA,NA,8,202,25.3,31,0,NA,NA,NA,NA,NA,1,1,100,58,4,4,7,4,208,52,0,2,59,26,11,10,5,7,16,2,2,73,381,5.2,11,5,4,7,106,2,0,36:17,TRUE,TRUE,595690b3-2161-4913-a7a7-814af2fd2621,TRUE,NA
2026_01_BAL_IND,401872659,s:20~l:28~e:401872659,2026,2,2026-09-13T17:00Z,1,away,1,33,s:20~l:28~t:33,Baltimore,Ravens,BAL,Baltimore Ravens,29126f,000000,https://a.espncdn.com/i/teamlogos/nfl/500/bal.png,1,41,1-0,17,25,304,13,1,0,2,20,NA,124.2,37,202,5.5,4,32,17,324,19.1,1,54,24,1,1,1,58,33,2,6,5,9,0,1,1,0,5,151,30.2,42,0,3,30,10,13,0,2,2,100,57,5,5,11,3,140,46.7,0,3,53,23,11,12,0,3,9,0,1,64,506,7.9,13,4,3,10,86,1,0,35:20,TRUE,TRUE,38248455-3da4-84e4-8090-98b5cc38ffdc,TRUE,NA
2026_01_BAL_IND,401872659,s:20~l:28~e:401872659,2026,2,2026-09-13T17:00Z,1,home,0,11,s:20~l:28~t:11,Indianapolis,Colts,IND,Indianapolis Colts,003b75,ffffff,https://a.espncdn.com/i/teamlogos/nfl/500/ind.png,0,23,0-1,19,31,149,5.4,1,1,2,17,NA,72.8,20,102,5.1,2,21,19,166,8.7,1,25,29,1,1,1,71,43,2,0,0,4,0,NA,NA,NA,6,197,32.8,66,0,NA,NA,NA,NA,NA,1,1,100,58,2,3,5,5,263,52.6,0,0,59,17,8,8,1,3,10,0,1,53,251,4.7,12,3,3,4,29,2,0,24:40,TRUE,TRUE,582d14eb-da61-e505-cc40-d972a1b60ed1,TRUE,NA
2026_01_CLE_JAX,401872922,s:20~l:28~e:401872922,2026,2,2026-09-13T17:00Z,1,away,0,5,s:20~l:28~t:5,Cleveland,Browns,CLE,Cleveland Browns,472a08,ff3c00,https://a.espncdn.com/i/teamlogos/nfl/500/cle.png,1,10,0-1,16,22,185,9.3,1,1,5,20,NA,97.7,22,87,4,0,10,16,205,12.8,1,46,22,2,1,1,68,26,1,4,1,3,0,NA,NA,NA,6,228,38,74,0,1,10,10,10,0,1,1,100,26,1,1,3,3,130,43.3,0,1,48,14,9,5,0,1,8,1,2,49,272,5.6,9,2,0,11,75,2,0,26:09,TRUE,TRUE,539babc5-e5fb-753b-8ae1-c15032a91ef4,TRUE,NA
2026_01_CLE_JAX,401872922,s:20~l:28~e:401872922,2026,2,2026-09-13T17:00Z,1,home,1,30,s:20~l:28~t:30,Jacksonville,Jaguars,JAX,Jacksonville Jaguars,007487,d7a22a,https://a.espncdn.com/i/teamlogos/nfl/500/jax.png,0,34,1-0,18,23,234,10.7,4,0,1,11,NA,150.6,32,126,3.9,0,12,18,245,13.6,4,32,21,1,0,2,63,35,5,6,2,8,0,1,22,0,3,82,27.3,35,0,1,-5,-5,-5,0,2,2,100,47,4,4,10,2,108,54,0,1,58,23,13,8,2,5,10,0,0,56,360,6.4,9,2,2,4,25,0,0,33:51,TRUE,TRUE,ca6fb778-cbf6-d9a3-3e93-01230335fcab,TRUE,NA
2026_01_ATL_PIT,401872658,s:20~l:28~e:401872658,2026,2,2026-09-13T17:00Z,1,away,0,1,s:20~l:28~t:1,Atlanta,Falcons,ATL,Atlanta Falcons,a71930,000000,https://a.espncdn.com/i/teamlogos/nfl/500/atl.png,1,13,0-1,12,22,118,6.5,1,2,4,25,NA,51.9,31,120,3.9,0,20,12,143,11.9,1,24,21,2,0,3,63,35,2,4,5,6,0,NA,NA,NA,4,123,30.8,40,0,3,33,11,14,0,2,4,50,51,1,1,7,6,289,48.2,2,3,60,16,4,9,3,2,12,0,0,57,238,4.2,13,0,0,9,96,2,0,31:07,TRUE,TRUE,49fd392a-86fe-4df3-1b77-9bbfa18b2ad5,TRUE,NA
2026_01_ATL_PIT,401872658,s:20~l:28~e:401872658,2026,2,2026-09-13T17:00Z,1,home,1,23,s:20~l:28~t:23,Pittsburgh,Steelers,PIT,Pittsburgh Steelers,000000,ffb612,https://a.espncdn.com/i/teamlogos/nfl/500/pit.png,0,20,1-0,24,41,206,5.4,1,0,2,15,NA,81.5,21,58,2.8,0,17,24,221,9.2,1,28,37,1,1,0,72,36,4,7,6,5,1,2,45,1,3,74,24.7,27,0,2,13,6.5,8,0,2,3,66.7,43,2,2,8,4,194,48.5,0,2,55,15,10,3,2,3,13,0,2,64,264,4.1,13,2,1,7,52,1,1,28:53,TRUE,TRUE,debcd592-8d53-71f1-fc15-5c8b8ef9df6e,TRUE,NA
2026_01_NYJ_TEN,401872924,s:20~l:28~e:401872924,2026,2,2026-09-13T17:00Z,1,away,1,20,s:20~l:28~t:20,New York,Jets,NYJ,New York Jets,115740,ffffff,https://a.espncdn.com/i/teamlogos/nfl/500/nyj.png,1,23,1-0,19,24,215,9,0,0,0,0,NA,104,39,152,3.9,2,13,19,215,11.3,0,40,23,1,0,2,46,30,3,4,3,5,0,NA,NA,NA,NA,NA,NA,NA,NA,2,29,14.5,15,0,3,4,75,52,2,2,11,3,139,46.3,0,2,50,19,7,11,1,2,12,2,2,63,367,5.8,11,3,2,8,48,0,0,38:46,TRUE,TRUE,732d3caf-b350-1e34-48c6-b7cebb4a0d88,TRUE,NA
2026_01_NYJ_TEN,401872924,s:20~l:28~e:401872924,2026,2,2026-09-13T17:00Z,1,home,0,10,s:20~l:28~t:10,Tennessee,Titans,TEN,Tennessee Titans,4495d2,001532,https://a.espncdn.com/i/teamlogos/nfl/500/ten.png,0,10,0-1,19,32,127,4.4,1,0,3,13,NA,80.2,14,68,4.9,0,13,19,140,7.4,1,14,28,1,1,0,77,32,0,2,2,1,0,NA,NA,NA,3,62,20.7,27,0,1,-5,-5,0,0,1,1,100,42,1,1,4,7,326,46.6,3,1,54,11,6,4,1,4,12,0,0,49,195,4,10,1,1,4,25,1,0,21:14,TRUE,TRUE,0a0aea59-9a5e-01b3-57a3-0151cf4bf393,TRUE,NA
2026_01_ARI_LAC,401872926,s:20~l:28~e:401872926,2026,2,2026-09-13T20:25Z,1,away,1,22,s:20~l:28~t:22,Arizona,Cardinals,ARI,Arizona Cardinals,a40227,ffffff,https://a.espncdn.com/i/teamlogos/nfl/500/ari.png,1,26,1-0,27,37,277,7.5,1,0,1,0,NA,103.1,34,116,3.4,1,18,27,277,10.3,1,33,37,0,0,1,53,34,3,5,6,5,0,1,0,0,3,69,23,25,0,NA,NA,NA,NA,NA,4,5,80,49,2,2,14,3,158,52.7,2,1,61,23,15,7,1,6,14,0,0,72,393,5.5,11,5,2,8,111,0,0,37:31,TRUE,TRUE,8fc7b962-95e1-3cb8-6a7d-b499de9ad546,TRUE,NA
2026_01_ARI_LAC,401872926,s:20~l:28~e:401872926,2026,2,2026-09-13T20:25Z,1,home,0,24,s:20~l:28~t:24,Los Angeles,Chargers,LAC,Los Angeles Chargers,0080c6,ffc20e,https://a.espncdn.com/i/teamlogos/nfl/500/lac.png,0,14,0-1,17,27,187,7.7,1,1,3,22,NA,83.7,21,81,3.9,1,14,17,209,12.3,1,26,27,1,1,0,79,43,1,1,4,7,0,NA,NA,NA,4,80,20,24,0,NA,NA,NA,NA,NA,0,0,0,0,2,2,2,3,99,33,0,1,51,17,9,6,2,2,8,0,3,51,268,5.3,10,3,2,7,64,2,0,22:29,TRUE,TRUE,84caf62b-c753-71ea-a787-44fd224a4294,TRUE,NA
2026_01_MIA_LV,401872928,s:20~l:28~e:401872928,2026,2,2026-09-13T20:25Z,1,away,0,15,s:20~l:28~t:15,Miami,Dolphins,MIA,Miami Dolphins,008e97,fc4c02,https://a.espncdn.com/i/teamlogos/nfl/500/mia.png,1,13,0-1,15,27,185,8.1,0,1,5,35,NA,66.9,18,74,4.1,1,14,15,220,14.7,0,30,27,2,1,0,77,37,0,7,5,2,0,2,16,0,5,162,32.4,79,0,1,17,17,17,0,2,3,66.7,41,1,1,7,4,183,45.8,0,2,59,13,7,4,2,2,10,0,1,50,259,5.2,11,3,1,8,61,2,0,25:07,TRUE,TRUE,af33088b-1e19-d27d-dbc0-354fd7151703,TRUE,NA
2026_01_MIA_LV,401872928,s:20~l:28~e:401872928,2026,2,2026-09-13T20:25Z,1,home,1,13,s:20~l:28~t:13,Las Vegas,Raiders,LV,Las Vegas Raiders,000000,a5acaf,https://a.espncdn.com/i/teamlogos/nfl/500/lv.png,0,27,1-0,21,30,160,5.3,3,2,0,0,NA,88.2,37,130,3.5,0,18,21,160,7.6,3,21,29,0,0,0,63,28,5,7,6,11,0,1,0,0,2,95,47.5,50,0,2,35,17.5,23,0,2,2,100,47,3,3,9,3,190,63.3,1,1,72,21,10,9,2,5,13,1,1,67,290,4.3,11,4,3,6,29,2,0,34:53,TRUE,TRUE,b18540eb-6f2b-534c-e7f9-9bd930518da9,TRUE,NA
2026_01_GB_MIN,401872927,s:20~l:28~e:401872927,2026,2,2026-09-13T20:25Z,1,away,0,9,s:20~l:28~t:9,Green Bay,Packers,GB,Green Bay Packers,204e32,ffb612,https://a.espncdn.com/i/teamlogos/nfl/500/gb.png,1,22,0-1,21,42,353,9.2,2,1,4,34,NA,88.1,21,66,3.1,0,14,21,387,18.4,2,81,40,2,1,1,59,46,3,4,2,6,0,1,11,0,6,176,29.3,59,0,2,17,8.5,12,0,3,3,100,59,1,2,10,3,116,38.7,0,2,49,19,16,3,0,3,12,0,2,67,419,6.3,12,4,1,12,98,2,0,27:02,TRUE,TRUE,06cd3bcf-7a86-53d4-28e7-aa049dd36261,TRUE,NA
2026_01_GB_MIN,401872927,s:20~l:28~e:401872927,2026,2,2026-09-13T20:25Z,1,home,1,16,s:20~l:28~t:16,Minnesota,Vikings,MIN,Minnesota Vikings,4f2683,ffc62f,https://a.espncdn.com/i/teamlogos/nfl/500/min.png,0,39,1-0,15,24,132,6.3,3,1,3,19,NA,102.6,34,107,3.1,2,28,15,151,10.1,3,39,23,0,0,1,59,48,4,7,4,15,0,1,28,0,5,179,35.8,68,0,1,13,13,13,0,1,1,100,38,4,4,7,4,161,40.3,0,3,48,19,8,6,5,8,15,0,0,61,239,3.9,13,4,4,3,15,1,0,32:58,TRUE,TRUE,3db556c9-ed76-a7a5-4ccb-a92fc6db4334,TRUE,NA
2026_01_WAS_PHI,401872929,s:20~l:28~e:401872929,2026,2,2026-09-13T20:25Z,1,away,0,28,s:20~l:28~t:28,Washington,Commanders,WAS,Washington Commanders,5a1414,ffb612,https://a.espncdn.com/i/teamlogos/nfl/500/wsh.png,1,22,0-1,18,34,163,4.8,2,0,1,1,NA,85.9,32,132,4.1,1,14,18,164,9.1,2,33,29,1,0,1,56,32,3,10,2,5,0,NA,NA,NA,5,154,30.8,36,0,4,53,13.3,19,0,1,2,50,55,1,2,4,6,318,53,1,0,60,20,10,9,1,5,15,2,2,67,295,4.4,12,3,3,6,45,0,0,33:20,TRUE,TRUE,fbeaf73e-6d6c-cca4-0809-713d9d741f90,TRUE,NA
2026_01_WAS_PHI,401872929,s:20~l:28~e:401872929,2026,2,2026-09-13T20:25Z,1,home,1,21,s:20~l:28~t:21,Philadelphia,Eagles,PHI,Philadelphia Eagles,06424d,000000,https://a.espncdn.com/i/teamlogos/nfl/500/phi.png,0,24,1-0,14,25,182,8.1,3,0,3,21,NA,122.2,25,136,5.4,0,42,14,203,14.5,3,64,22,NA,NA,NA,73,41,1,2,2,2,0,NA,NA,NA,3,75,25,29,0,4,37,9.3,15,0,1,1,100,35,3,3,5,7,361,51.6,0,4,64,10,6,4,0,6,14,0,0,53,318,6,12,3,2,5,40,0,0,26:40,TRUE,TRUE,d1a9b001-1df7-fbd7-ae4c-6ca7065286ec,TRUE,NA
2026_01_DAL_NYG,401872930,s:20~l:28~e:401872930,2026,2,2026-09-14T00:20Z,1,away,0,6,s:20~l:28~t:6,Dallas,Cowboys,DAL,Dallas Cowboys,002a5c,b0b7bc,https://a.espncdn.com/i/teamlogos/nfl/500/dal.png,1,20,0-1,22,34,175,5.1,2,1,0,0,NA,84.8,18,69,3.8,1,10,22,175,8,2,17,30,0,0,1,81,35,2,3,2,6,0,NA,NA,NA,5,122,24.4,31,0,NA,NA,NA,NA,NA,0,0,0,0,2,3,2,2,96,48,0,2,50,21,12,4,5,8,11,0,0,52,244,4.7,7,3,3,9,90,1,0,23:20,TRUE,TRUE,b0fc8fb7-9dbe-e574-9008-6f0ee7c6b234,TRUE,NA
2026_01_DAL_NYG,401872930,s:20~l:28~e:401872930,2026,2,2026-09-14T00:20Z,1,home,1,19,s:20~l:28~t:19,New York,Giants,NYG,New York Giants,003c7f,c9243f,https://a.espncdn.com/i/teamlogos/nfl/500/nyg.png,0,28,1-0,23,29,229,7.9,3,0,2,1,NA,134.2,37,165,4.5,1,22,23,230,10,3,19,29,4,1,3,49,38,0,1,3,3,0,1,0,0,3,65,21.7,28,0,NA,NA,NA,NA,NA,0,0,0,0,4,4,4,1,46,46,0,1,46,29,14,11,4,9,11,0,0,68,394,5.8,7,4,4,10,114,1,0,36:40,TRUE,TRUE,378600ea-2397-8364-8399-b7c1606a49a7,TRUE,NA
2026_01_DEN_KC,401872931,s:20~l:28~e:401872931,2026,2,2026-09-15T00:15Z,1,away,0,7,s:20~l:28~t:7,Denver,Broncos,DEN,Denver Broncos,0a2343,fc4c02,https://a.espncdn.com/i/teamlogos/nfl/500/den.png,1,10,0-1,17,28,115,4.7,1,1,4,16,NA,69.2,15,61,4.1,0,17,17,131,7.7,1,19,27,3,1,1,76,34,2,3,4,5,0,1,24,0,5,138,27.6,31,0,2,36,18,19,0,1,1,100,31,1,1,4,6,314,52.3,1,3,68,9,6,2,1,2,12,0,1,47,176,3.7,12,2,1,7,52,2,0,26:18,TRUE,TRUE,51042145-e3c1-0694-ae0d-f720342ff8fc,TRUE,NA
2026_01_DEN_KC,401872931,s:20~l:28~e:401872931,2026,2,2026-09-15T00:15Z,1,home,1,12,s:20~l:28~t:12,Kansas City,Chiefs,KC,Kansas City Chiefs,e31837,ffb612,https://a.espncdn.com/i/teamlogos/nfl/500/kc.png,0,31,1-0,15,27,172,6.8,2,1,2,12,NA,86,38,220,5.8,2,60,15,184,12.3,2,59,25,2,0,3,54,26,4,3,4,5,0,1,5,0,3,78,26,28,0,2,7,3.5,7,0,1,1,100,28,4,4,7,4,218,54.5,0,2,63,19,7,11,1,9,17,2,3,67,392,5.9,12,5,3,7,60,1,0,33:42,TRUE,TRUE,f68f2343-8ceb-7a02-740d-af6338be21d2,TRUE,NA
2026_02_DET_BUF,401872932,s:20~l:28~e:401872932,2026,2,2026-09-18T00:15Z,2,away,0,8,s:20~l:28~t:8,Detroit,Lions,DET,Detroit Lions,0076b6,bbbbbb,https://a.espncdn.com/i/teamlogos/nfl/500/det.png,1,31,1-1,26,38,289,8.6,4,0,4,38,NA,130,20,66,3.3,0,16,26,327,12.6,4,34,38,2,0,2,72,38,2,3,1,8,0,NA,NA,NA,6,157,26.2,30,0,NA,NA,NA,NA,NA,1,1,100,31,4,4,7,4,206,51.5,0,1,62,24,19,2,3,4,11,2,2,62,355,5.7,9,4,3,10,58,0,0,26:15,TRUE,TRUE,56caffee-178d-f6f2-a076-b277486b8c32,TRUE,NA
2026_02_DET_BUF,401872932,s:20~l:28~e:401872932,2026,2,2026-09-18T00:15Z,2,home,1,2,s:20~l:28~t:2,Buffalo,Bills,BUF,Buffalo Bills,00338d,d50a0a,https://a.espncdn.com/i/teamlogos/nfl/500/buf.png,0,41,2-0,20,31,243,8,3,0,2,5,NA,121.4,36,203,5.6,3,35,20,248,12.4,3,43,28,1,0,1,62,40,4,5,7,11,0,NA,NA,NA,4,93,23.3,31,0,3,36,12,25,0,0,0,0,0,5,6,5,2,83,41.5,0,1,43,34,14,15,5,9,12,0,0,69,446,6.5,9,5,5,5,46,0,0,33:45,TRUE,TRUE,232afaf2-01ac-fcc2-8bd6-66550df1703a,TRUE,NA
2026_02_CAR_ATL,401872933,s:20~l:28~e:401872933,2026,2,2026-09-20T17:00Z,2,away,1,29,s:20~l:28~t:29,Carolina,Panthers,CAR,Carolina Panthers,0085ca,000000,https://a.espncdn.com/i/teamlogos/nfl/500/car.png,1,34,1-1,23,36,272,8,3,0,2,15,NA,116.3,22,68,3.1,0,12,23,287,12.5,3,55,32,1,0,3,70,40,2,3,9,5,1,3,72,1,2,53,26.5,27,0,2,49,24.5,36,0,2,2,100,37,4,4,10,4,193,48.3,0,3,54,18,12,5,1,6,14,1,2,60,340,5.7,11,6,3,9,63,0,1,29:31,TRUE,TRUE,647c27bf-ab86-550e-5b83-91c29e73e4a9,TRUE,NA
2026_02_CAR_ATL,401872933,s:20~l:28~e:401872933,2026,2,2026-09-20T17:00Z,2,home,0,1,s:20~l:28~t:1,Atlanta,Falcons,ATL,Atlanta Falcons,a71930,000000,https://a.espncdn.com/i/teamlogos/nfl/500/atl.png,0,3,0-2,18,32,129,4.5,0,3,3,16,NA,28.8,32,157,4.9,0,11,18,145,8.1,0,17,31,2,2,0,63,34,2,3,3,8,0,NA,NA,NA,4,79,19.8,25,0,1,7,7,7,0,1,2,50,41,0,0,3,3,151,50.3,0,1,62,17,10,7,0,4,13,1,2,67,286,4.3,12,0,0,6,39,5,0,30:29,TRUE,TRUE,49fd392a-86fe-4df3-1b77-9bbfa18b2ad5,TRUE,NA
2026_02_NO_BAL,401872938,s:20~l:28~e:401872938,2026,2,2026-09-20T17:00Z,2,away,1,18,s:20~l:28~t:18,New Orleans,Saints,NO,New Orleans Saints,d3bc8d,000000,https://a.espncdn.com/i/teamlogos/nfl/500/no.png,1,24,1-1,27,34,233,7.4,1,0,3,19,NA,107.4,27,65,2.4,1,11,27,252,9.3,1,29,32,1,0,1,57,35,3,4,3,6,0,1,2,0,3,91,30.3,53,0,2,13,6.5,9,0,3,3,100,51,1,1,10,3,117,39,0,1,40,19,11,6,2,8,15,2,2,64,298,4.7,9,2,1,5,35,0,0,32:45,TRUE,TRUE,97d2f6c9-2f22-459c-306a-046941ccab2a,TRUE,NA
2026_02_NO_BAL,401872938,s:20~l:28~e:401872938,2026,2,2026-09-20T17:00Z,2,home,0,33,s:20~l:28~t:33,Baltimore,Ravens,BAL,Baltimore Ravens,29126f,000000,https://a.espncdn.com/i/teamlogos/nfl/500/bal.png,0,17,1-1,21,31,204,7.6,1,1,3,31,NA,87.4,22,108,4.9,1,13,21,235,11.2,1,47,29,NA,NA,NA,72,44,3,7,2,4,0,NA,NA,NA,4,108,27,32,0,NA,NA,NA,NA,NA,1,2,50,49,2,2,5,3,124,41.3,0,0,47,19,11,8,0,4,9,0,0,56,312,5.6,8,2,1,7,34,1,0,27:15,TRUE,TRUE,38248455-3da4-84e4-8090-98b5cc38ffdc,TRUE,NA
2026_02_MIN_CHI,401872937,s:20~l:28~e:401872937,2026,2,2026-09-20T17:00Z,2,away,1,16,s:20~l:28~t:16,Minnesota,Vikings,MIN,Minnesota Vikings,4f2683,ffc62f,https://a.espncdn.com/i/teamlogos/nfl/500/min.png,1,9,2-0,11,20,127,7.2,0,0,3,16,NA,77.7,28,119,4.3,0,20,11,143,13,0,30,19,1,0,2,77,41,4,5,7,10,0,1,-1,0,2,42,21,21,0,1,11,11,11,0,3,3,100,49,0,0,9,6,297,49.5,0,2,62,11,6,4,1,3,13,1,1,51,246,4.8,9,1,0,3,25,0,0,27:19,TRUE,TRUE,3db556c9-ed76-a7a5-4ccb-a92fc6db4334,TRUE,NA
2026_02_MIN_CHI,401872937,s:20~l:28~e:401872937,2026,2,2026-09-20T17:00Z,2,home,0,3,s:20~l:28~t:3,Chicago,Bears,CHI,Chicago Bears,0b1c3a,e64100,https://a.espncdn.com/i/teamlogos/nfl/500/chi.png,0,3,1-1,20,35,163,5.5,0,1,4,29,NA,60.6,31,134,4.3,0,17,20,192,9.6,0,32,31,2,1,1,61,32,3,5,3,4,0,NA,NA,NA,3,68,22.7,30,0,3,30,10,24,0,1,2,50,50,0,0,3,4,195,48.8,0,3,63,17,7,9,1,5,15,2,3,70,297,4.2,10,3,0,8,58,2,0,32:41,TRUE,TRUE,19d73366-b5a5-cca2-a176-a2c024ce0bb3,TRUE,NA
2026_02_CIN_HOU,401872934,s:20~l:28~e:401872934,2026,2,2026-09-20T17:00Z,2,away,1,4,s:20~l:28~t:4,Cincinnati,Bengals,CIN,Cincinnati Bengals,fb4f14,000000,https://a.espncdn.com/i/teamlogos/nfl/500/cin.png,1,20,2-0,20,31,182,6.7,2,0,5,25,NA,105.2,23,85,3.7,0,11,20,207,10.4,2,32,31,NA,NA,NA,76,42,4,8,8,7,0,NA,NA,NA,3,90,30,40,0,3,19,6.3,15,0,2,2,100,57,2,2,8,8,345,43.1,0,4,59,12,9,3,0,5,15,0,0,59,267,4.5,13,1,1,12,78,0,0,30:49,TRUE,TRUE,75b8623b-8926-b411-0476-3d3602b78523,TRUE,NA
2026_02_CIN_HOU,401872934,s:20~l:28~e:401872934,2026,2,2026-09-20T17:00Z,2,home,0,34,s:20~l:28~t:34,Houston,Texans,HOU,Houston Texans,021018,eb0028,https://a.espncdn.com/i/teamlogos/nfl/500/hou.png,0,6,0-2,30,56,314,6.3,0,0,4,39,NA,73,18,60,3.3,0,14,30,353,11.8,0,35,50,1,0,1,67,35,5,8,3,9,0,NA,NA,NA,4,93,23.3,31,0,3,32,10.7,17,0,2,3,66.7,45,0,0,6,5,207,41.4,0,2,49,22,15,3,4,5,17,0,4,78,374,4.8,13,4,0,9,83,0,0,29:11,TRUE,TRUE,595690b3-2161-4913-a7a7-814af2fd2621,TRUE,NA
2026_02_PIT_NE,401872946,s:20~l:28~e:401872946,2026,2,2026-09-20T17:00Z,2,away,0,23,s:20~l:28~t:23,Pittsburgh,Steelers,PIT,Pittsburgh Steelers,000000,ffb612,https://a.espncdn.com/i/teamlogos/nfl/500/pit.png,1,3,1-1,23,40,144,4.7,0,1,4,43,NA,59.1,23,91,4,0,14,23,187,8.1,0,26,37,2,1,2,67,31,3,8,4,7,0,1,3,0,5,118,23.6,26,0,2,21,10.5,17,0,1,2,50,56,0,0,3,8,385,48.1,1,3,53,16,10,4,2,2,12,1,1,67,235,3.5,12,1,0,5,59,2,0,32:47,TRUE,TRUE,debcd592-8d53-71f1-fc15-5c8b8ef9df6e,TRUE,NA
2026_02_PIT_NE,401872946,s:20~l:28~e:401872946,2026,2,2026-09-20T17:00Z,2,home,1,17,s:20~l:28~t:17,New England,Patriots,NE,New England Patriots,002a5c,c60c30,https://a.espncdn.com/i/teamlogos/nfl/500/ne.png,0,20,1-1,14,22,191,9.5,0,1,3,17,NA,75.6,28,136,4.9,1,39,14,208,14.9,0,63,21,2,1,1,75,42,4,6,5,7,1,1,11,0,1,29,29,29,0,4,40,10,19,0,2,3,66.7,45,2,2,8,4,185,46.3,0,1,54,15,6,7,2,4,12,0,0,53,327,6.2,11,1,0,6,31,2,1,27:13,TRUE,TRUE,0078f353-fe3e-67ed-a42c-43cca0568e21,TRUE,NA
2026_02_GB_NYJ,401872936,s:20~l:28~e:401872936,2026,2,2026-09-20T17:00Z,2,away,1,9,s:20~l:28~t:9,Green Bay,Packers,GB,Green Bay Packers,204e32,ffb612,https://a.espncdn.com/i/teamlogos/nfl/500/gb.png,1,20,1-1,16,29,136,5,2,0,3,9,NA,91.9,18,63,3.5,0,12,16,145,9.1,2,20,29,5,1,4,82,45,4,9,4,10,0,NA,NA,NA,4,116,29,43,0,4,92,23,63,0,2,2,100,34,2,2,8,6,324,54,1,3,66,16,8,4,4,1,9,0,1,50,199,4,12,4,2,14,133,1,0,26:57,TRUE,TRUE,06cd3bcf-7a86-53d4-28e7-aa049dd36261,TRUE,NA
2026_02_GB_NYJ,401872936,s:20~l:28~e:401872936,2026,2,2026-09-20T17:00Z,2,home,0,20,s:20~l:28~t:20,New York,Jets,NYJ,New York Jets,115740,ffffff,https://a.espncdn.com/i/teamlogos/nfl/500/nyj.png,0,17,1-1,27,41,218,6,1,0,4,29,NA,90.2,27,67,2.5,1,14,27,247,9.1,1,43,36,3,0,4,57,32,3,6,3,3,0,NA,NA,NA,5,124,24.8,28,0,3,2,0.7,2,0,1,1,100,32,2,2,5,7,344,49.1,1,2,58,21,11,6,4,8,19,0,1,72,285,4,12,3,2,13,156,0,0,37:40,TRUE,TRUE,732d3caf-b350-1e34-48c6-b7cebb4a0d88,TRUE,NA
2026_02_CLE_TB,401872935,s:20~l:28~e:401872935,2026,2,2026-09-20T17:00Z,2,away,1,5,s:20~l:28~t:5,Cleveland,Browns,CLE,Cleveland Browns,472a08,ff3c00,https://a.espncdn.com/i/teamlogos/nfl/500/cle.png,1,23,1-1,24,30,223,7.9,2,0,2,15,NA,121.9,23,44,1.9,0,9,24,238,9.9,2,55,30,NA,NA,NA,65,45,3,7,3,5,0,1,25,0,6,143,23.8,28,0,NA,NA,NA,NA,NA,3,3,100,50,2,2,11,4,198,49.5,0,2,57,15,10,3,2,5,13,0,1,55,267,4.9,12,3,1,6,50,0,0,29:22,TRUE,TRUE,539babc5-e5fb-753b-8ae1-c15032a91ef4,TRUE,NA
2026_02_CLE_TB,401872935,s:20~l:28~e:401872935,2026,2,2026-09-20T17:00Z,2,home,0,27,s:20~l:28~t:27,Tampa Bay,Buccaneers,TB,Tampa Bay Buccaneers,bd1c36,3e3a35,https://a.espncdn.com/i/teamlogos/nfl/500/tb.png,0,19,0-2,21,34,176,5.4,1,1,3,6,NA,73.4,25,137,5.5,0,38,21,182,8.7,1,49,33,1,0,1,65,37,2,6,2,4,0,NA,NA,NA,5,155,31,48,0,2,14,7,9,0,4,4,100,59,1,1,13,4,186,46.5,1,1,55,17,7,9,1,7,16,0,1,62,313,5,11,4,1,6,62,1,0,30:38,TRUE,TRUE,13e8b157-a75a-ff24-ae91-fa3d52ddf204,TRUE,NA
2026_02_PHI_TEN,401872939,s:20~l:28~e:401872939,2026,2,2026-09-20T17:00Z,2,away,1,21,s:20~l:28~t:21,Philadelphia,Eagles,PHI,Philadelphia Eagles,06424d,000000,https://a.espncdn.com/i/teamlogos/nfl/500/phi.png,1,24,2-0,26,37,252,7.1,2,2,3,12,NA,85.9,32,89,2.8,1,9,26,264,10.2,2,27,35,NA,NA,NA,59,40,2,6,1,3,0,NA,NA,NA,NA,NA,NA,NA,NA,2,31,15.5,23,0,1,1,100,58,3,3,6,2,110,55,0,2,57,23,16,5,2,11,18,1,1,72,341,4.7,8,4,3,4,35,2,0,36:25,TRUE,TRUE,d1a9b001-1df7-fbd7-ae4c-6ca7065286ec,TRUE,NA
2026_02_PHI_TEN,401872939,s:20~l:28~e:401872939,2026,2,2026-09-20T17:00Z,2,home,0,10,s:20~l:28~t:10,Tennessee,Titans,TEN,Tennessee Titans,4495d2,001532,https://a.espncdn.com/i/teamlogos/nfl/500/ten.png,0,20,0-2,13,20,169,9.2,0,0,2,14,NA,94.4,29,122,4.2,2,27,13,183,14.1,0,41,17,1,0,0,74,42,3,8,3,6,0,2,95,0,4,101,25.3,29,0,1,9,9,9,0,2,2,100,37,2,2,8,4,203,50.8,1,1,65,14,7,7,0,6,13,1,1,51,291,5.7,9,4,2,7,45,0,0,23:35,TRUE,TRUE,0a0aea59-9a5e-01b3-57a3-0151cf4bf393,TRUE,NA
2026_02_JAX_DEN,401872940,s:20~l:28~e:401872940,2026,2,2026-09-20T20:05Z,2,away,0,30,s:20~l:28~t:30,Jacksonville,Jaguars,JAX,Jacksonville Jaguars,007487,d7a22a,https://a.espncdn.com/i/teamlogos/nfl/500/jax.png,1,13,1-1,17,29,173,6.5,0,1,2,16,NA,63.7,24,95,4,1,16,17,189,11.1,0,32,29,1,0,1,62,39,0,2,3,3,0,1,0,0,4,104,26,30,0,2,12,6,12,0,2,3,66.7,44,1,1,7,4,185,46.3,0,3,55,21,8,9,4,5,12,0,0,55,268,4.9,9,2,1,4,40,1,0,28:43,TRUE,TRUE,ca6fb778-cbf6-d9a3-3e93-01230335fcab,TRUE,NA
2026_02_JAX_DEN,401872940,s:20~l:28~e:401872940,2026,2,2026-09-20T20:05Z,2,home,1,7,s:20~l:28~t:7,Denver,Broncos,DEN,Denver Broncos,0a2343,fc4c02,https://a.espncdn.com/i/teamlogos/nfl/500/den.png,0,20,1-1,22,31,288,9.3,1,1,0,0,NA,97.2,28,104,3.7,1,16,22,288,13.1,1,49,29,1,0,1,60,37,2,5,7,7,0,1,3,0,3,84,28,38,0,2,2,1,3,0,2,2,100,45,2,2,8,3,137,45.7,0,0,48,22,13,7,2,4,11,0,0,59,392,6.6,9,5,2,10,53,1,0,31:17,TRUE,TRUE,51042145-e3c1-0694-ae0d-f720342ff8fc,TRUE,NA
2026_02_LV_LAC,401872941,s:20~l:28~e:401872941,2026,2,2026-09-20T20:05Z,2,away,1,13,s:20~l:28~t:13,Las Vegas,Raiders,LV,Las Vegas Raiders,000000,a5acaf,https://a.espncdn.com/i/teamlogos/nfl/500/lv.png,1,26,2-0,19,29,248,8.7,3,1,2,5,NA,113.1,29,57,2,0,9,19,253,13.3,3,42,29,1,0,2,65,35,3,2,3,9,0,2,32,0,2,35,17.5,21,0,1,16,16,16,0,1,1,100,59,3,3,6,6,277,46.2,0,4,56,14,11,2,1,4,14,1,2,60,305,5.1,13,3,2,6,42,1,0,27:43,TRUE,TRUE,b18540eb-6f2b-534c-e7f9-9bd930518da9,TRUE,NA
2026_02_LV_LAC,401872941,s:20~l:28~e:401872941,2026,2,2026-09-20T20:05Z,2,home,0,24,s:20~l:28~t:24,Los Angeles,Chargers,LAC,Los Angeles Chargers,0080c6,ffc20e,https://a.espncdn.com/i/teamlogos/nfl/500/lac.png,0,14,0-2,15,27,183,7.1,1,2,3,9,NA,59.5,32,127,4,1,17,15,192,12.8,1,53,26,6,1,3,71,31,2,4,4,10,0,1,2,0,3,73,24.3,28,0,NA,NA,NA,NA,NA,0,1,0,0,2,2,2,5,258,51.6,0,2,57,17,8,7,2,5,14,0,0,62,310,5,13,2,2,8,45,3,0,32:17,TRUE,TRUE,84caf62b-c753-71ea-a787-44fd224a4294,TRUE,NA
2026_02_SEA_ARI,401872943,s:20~l:28~e:401872943,2026,2,2026-09-20T20:25Z,2,away,1,26,s:20~l:28~t:26,Seattle,Seahawks,SEA,Seattle Seahawks,002a5c,69be28,https://a.espncdn.com/i/teamlogos/nfl/500/sea.png,1,31,2-0,19,26,219,9,3,0,1,16,NA,139.1,40,162,4.1,1,25,19,235,12.4,3,82,26,2,1,1,48,29,2,5,4,7,0,1,0,0,2,47,23.5,27,0,3,29,9.7,14,0,1,1,100,33,4,4,7,2,93,46.5,0,1,51,23,12,9,2,6,13,1,3,67,381,5.7,10,5,3,3,26,1,0,36:33,TRUE,TRUE,3767a23c-a17d-294f-288a-9086ad1f0680,TRUE,NA
2026_02_SEA_ARI,401872943,s:20~l:28~e:401872943,2026,2,2026-09-20T20:25Z,2,home,0,22,s:20~l:28~t:22,Arizona,Cardinals,ARI,Arizona Cardinals,a40227,ffffff,https://a.espncdn.com/i/teamlogos/nfl/500/ari.png,0,7,1-1,17,28,81,3.4,1,1,2,14,NA,63.8,17,70,4.1,0,18,17,95,5.6,1,9,26,0,0,1,85,40,1,6,3,3,0,NA,NA,NA,3,96,32,40,0,NA,NA,NA,NA,NA,0,0,0,0,1,1,1,7,289,41.3,0,3,49,10,4,4,2,3,12,1,1,47,151,3.2,10,1,1,6,48,1,0,23:27,TRUE,TRUE,8fc7b962-95e1-3cb8-6a7d-b499de9ad546,TRUE,NA
2026_02_WAS_DAL,401872944,s:20~l:28~e:401872944,2026,2,2026-09-20T20:25Z,2,away,0,28,s:20~l:28~t:28,Washington,Commanders,WAS,Washington Commanders,5a1414,ffb612,https://a.espncdn.com/i/teamlogos/nfl/500/wsh.png,1,20,0-2,23,35,207,5.9,2,0,0,0,NA,100.5,32,182,5.7,0,20,23,207,9,2,26,34,3,1,2,61,39,2,3,2,6,0,NA,NA,NA,6,120,20,33,0,1,14,14,14,0,2,3,66.7,47,2,2,8,1,47,47,0,0,47,24,11,11,2,8,14,0,0,67,389,5.8,9,3,1,5,38,1,0,31:29,TRUE,TRUE,fbeaf73e-6d6c-cca4-0809-713d9d741f90,TRUE,NA
2026_02_WAS_DAL,401872944,s:20~l:28~e:401872944,2026,2,2026-09-20T20:25Z,2,home,1,6,s:20~l:28~t:6,Dallas,Cowboys,DAL,Dallas Cowboys,002a5c,b0b7bc,https://a.espncdn.com/i/teamlogos/nfl/500/dal.png,0,37,1-1,26,31,266,9,4,0,2,13,NA,143.8,21,66,3.1,0,11,26,279,10.7,4,38,31,0,0,1,73,47,0,3,4,6,0,NA,NA,NA,4,122,30.5,35,0,1,9,9,9,0,3,3,100,60,4,4,13,1,48,48,0,0,48,20,16,3,1,7,11,0,0,54,332,6.1,8,4,3,5,32,0,0,28:31,TRUE,TRUE,b0fc8fb7-9dbe-e574-9008-6f0ee7c6b234,TRUE,NA
2026_02_MIA_SF,401872942,s:20~l:28~e:401872942,2026,2,2026-09-20T20:25Z,2,away,0,15,s:20~l:28~t:15,Miami,Dolphins,MIA,Miami Dolphins,008e97,fc4c02,https://a.espncdn.com/i/teamlogos/nfl/500/mia.png,1,13,0-2,14,23,182,8.6,1,0,4,15,NA,103,29,102,3.5,0,17,14,197,14.1,1,77,23,2,0,1,60,28,0,1,0,2,0,NA,NA,NA,6,148,24.7,36,0,1,7,7,7,0,2,3,66.7,28,1,1,7,3,130,43.3,0,0,48,13,8,4,1,7,15,1,2,56,284,5.1,8,2,0,7,50,0,0,30:13,TRUE,TRUE,af33088b-1e19-d27d-dbc0-354fd7151703,TRUE,NA
2026_02_MIA_SF,401872942,s:20~l:28~e:401872942,2026,2,2026-09-20T20:25Z,2,home,1,25,s:20~l:28~t:25,San Francisco,49ers,SF,San Francisco 49ers,aa0000,b3995d,https://a.espncdn.com/i/teamlogos/nfl/500/sf.png,0,35,2-0,20,22,287,13,2,0,0,0,NA,149.1,27,95,3.5,3,18,20,287,14.4,2,40,21,NA,NA,NA,76,28,4,5,2,5,0,NA,NA,NA,2,54,27,29,0,2,1,0.5,1,0,0,0,0,0,5,5,5,2,93,46.5,0,2,47,23,16,6,1,5,7,0,0,49,382,7.8,8,5,5,7,78,0,0,29:47,TRUE,TRUE,985a261f-296c-c95c-32a5-addc4df75001,TRUE,NA
2026_02_IND_KC,401872945,s:20~l:28~e:401872945,2026,2,2026-09-21T00:20Z,2,away,0,11,s:20~l:28~t:11,Indianapolis,Colts,IND,Indianapolis Colts,003b75,ffffff,https://a.espncdn.com/i/teamlogos/nfl/500/ind.png,1,30,0-2,22,31,210,6.8,1,1,0,0,NA,86.8,32,119,3.7,2,24,22,210,9.5,1,48,30,NA,NA,NA,93,43,2,4,4,4,0,NA,NA,NA,6,160,26.7,38,0,NA,NA,NA,NA,NA,3,3,100,49,3,3,12,2,86,43,0,2,45,24,12,9,3,5,12,2,2,63,329,5.2,10,3,2,5,30,1,0,33:00,TRUE,TRUE,582d14eb-da61-e505-cc40-d972a1b60ed1,TRUE,NA
2026_02_IND_KC,401872945,s:20~l:28~e:401872945,2026,2,2026-09-21T00:20Z,2,home,1,12,s:20~l:28~t:12,Kansas City,Chiefs,KC,Kansas City Chiefs,e31837,ffb612,https://a.espncdn.com/i/teamlogos/nfl/500/kc.png,0,33,2-0,32,47,371,8.1,3,0,2,11,NA,114,29,152,5.2,0,19,32,382,11.9,3,45,43,NA,NA,NA,77,37,0,6,5,4,0,1,0,0,6,167,27.8,34,0,2,8,4,6,0,4,5,80,46,3,3,15,2,109,54.5,0,2,69,29,19,10,0,5,13,2,2,78,523,6.7,11,5,3,8,86,0,0,37:00,TRUE,TRUE,f68f2343-8ceb-7a02-740d-af6338be21d2,TRUE,NA
2026_02_NYG_LA,401872947,s:20~l:28~e:401872947,2026,2,2026-09-22T00:15Z,2,away,0,19,s:20~l:28~t:19,New York,Giants,NYG,New York Giants,003c7f,c9243f,https://a.espncdn.com/i/teamlogos/nfl/500/nyg.png,1,6,1-1,14,32,130,4.1,0,1,2,1,NA,42.6,21,52,2.5,0,8,14,131,9.4,0,33,32,1,0,1,63,37,1,1,4,2,0,1,0,0,4,105,26.3,28,0,NA,NA,NA,NA,NA,2,2,100,52,0,0,6,6,315,52.5,1,3,78,11,8,2,1,3,14,1,2,55,182,3.3,10,2,0,3,20,1,0,27:25,TRUE,TRUE,378600ea-2397-8364-8399-b7c1606a49a7,TRUE,NA
2026_02_NYG_LA,401872947,s:20~l:28~e:401872947,2026,2,2026-09-22T00:15Z,2,home,1,14,s:20~l:28~t:14,Los Angeles,Rams,LA,Los Angeles Rams,003594,ffd100,https://a.espncdn.com/i/teamlogos/nfl/500/lar.png,0,28,1-1,22,31,318,10.5,4,1,1,9,NA,131.3,28,163,5.8,0,20,22,327,14.9,4,64,30,2,1,1,54,30,2,3,10,8,0,1,22,0,2,29,14.5,22,0,4,32,8,19,0,0,1,0,0,4,4,4,3,143,47.7,1,1,67,23,15,8,0,5,9,0,0,60,481,8,11,3,3,6,50,2,0,32:35,TRUE,TRUE,2e1473b2-e269-fd7a-1137-c1edacb85986,TRUE,NA
2026_03_ATL_GB,401872948,s:20~l:28~e:401872948,2026,2,2026-09-25T00:15Z,3,away,1,1,s:20~l:28~t:1,Atlanta,Falcons,ATL,Atlanta Falcons,a71930,000000,https://a.espncdn.com/i/teamlogos/nfl/500/atl.png,1,35,1-2,18,25,256,10.2,1,1,0,0,NA,101.4,41,242,5.9,3,55,18,256,14.2,1,68,23,NA,NA,NA,53,34,1,3,9,12,0,1,17,0,3,76,25.3,30,0,2,22,11,18,0,2,2,100,44,3,3,9,2,91,45.5,0,2,61,25,8,15,2,6,10,0,0,66,498,7.5,11,5,4,6,83,1,0,37:05,TRUE,TRUE,49fd392a-86fe-4df3-1b77-9bbfa18b2ad5,TRUE,NA
2026_03_ATL_GB,401872948,s:20~l:28~e:401872948,2026,2,2026-09-25T00:15Z,3,home,0,9,s:20~l:28~t:9,Green Bay,Packers,GB,Green Bay Packers,204e32,ffb612,https://a.espncdn.com/i/teamlogos/nfl/500/gb.png,0,14,1-2,28,53,311,5.9,2,1,1,1,NA,75.4,9,17,1.9,0,6,28,312,11.1,2,45,51,1,0,1,85,34,0,5,2,1,0,1,5,0,7,180,25.7,32,0,NA,NA,NA,NA,NA,0,1,0,0,2,2,2,5,250,50,0,4,64,18,15,1,2,6,15,2,3,63,328,5.2,10,4,2,6,45,1,0,22:55,TRUE,TRUE,06cd3bcf-7a86-53d4-28e7-aa049dd36261,TRUE,NA
2026_03_LAC_BUF,401872953,s:20~l:28~e:401872953,2026,2,2026-09-27T17:00Z,3,away,0,24,s:20~l:28~t:24,Los Angeles,Chargers,LAC,Los Angeles Chargers,0080c6,ffc20e,https://a.espncdn.com/i/teamlogos/nfl/500/lac.png,1,16,0-3,20,34,217,6.6,1,1,2,9,NA,76.3,28,131,4.7,0,17,20,226,11.3,1,29,33,0,0,3,64,42,4,3,5,7,0,2,1,0,4,106,26.5,30,0,1,14,14,14,0,3,4,75,33,1,1,10,3,145,48.3,1,0,56,20,11,6,3,6,15,0,1,64,348,5.4,11,4,1,7,50,1,0,31:22,TRUE,TRUE,84caf62b-c753-71ea-a787-44fd224a4294,TRUE,NA
2026_03_LAC_BUF,401872953,s:20~l:28~e:401872953,2026,2,2026-09-27T17:00Z,3,home,1,2,s:20~l:28~t:2,Buffalo,Bills,BUF,Buffalo Bills,00338d,d50a0a,https://a.espncdn.com/i/teamlogos/nfl/500/buf.png,0,24,3-0,16,26,174,7.8,0,2,4,30,NA,54,33,176,5.3,3,23,16,204,12.8,0,37,26,3,3,0,75,35,2,4,8,8,0,1,41,0,3,92,30.7,39,0,1,8,8,8,0,1,1,100,28,3,3,6,1,51,51,0,0,51,22,10,11,1,6,12,2,2,63,350,5.6,11,4,3,10,88,5,0,28:38,TRUE,TRUE,232afaf2-01ac-fcc2-8bd6-66550df1703a,TRUE,NA
2026_03_CAR_CLE,401872949,s:20~l:28~e:401872949,2026,2,2026-09-27T17:00Z,3,away,0,29,s:20~l:28~t:29,Carolina,Panthers,CAR,Carolina Panthers,0085ca,000000,https://a.espncdn.com/i/teamlogos/nfl/500/car.png,1,18,1-2,26,48,262,6.1,1,1,3,29,NA,70.7,23,98,4.3,0,16,26,291,11.2,1,31,42,0,0,1,71,35,2,4,4,6,0,NA,NA,NA,5,106,21.2,25,0,2,14,7,8,0,4,4,100,53,0,0,12,3,139,46.3,0,3,52,24,17,4,3,4,15,0,3,74,360,4.9,12,3,1,7,63,1,0,29:53,TRUE,TRUE,647c27bf-ab86-550e-5b83-91c29e73e4a9,TRUE,NA
2026_03_CAR_CLE,401872949,s:20~l:28~e:401872949,2026,2,2026-09-27T17:00Z,3,home,1,5,s:20~l:28~t:5,Cleveland,Browns,CLE,Cleveland Browns,472a08,ff3c00,https://a.espncdn.com/i/teamlogos/nfl/500/cle.png,0,21,2-1,17,31,127,4.6,2,0,2,17,NA,88.6,30,132,4.4,0,21,17,144,8.5,2,28,30,1,1,0,78,36,3,6,4,8,0,1,-2,0,6,151,25.2,28,0,1,1,1,1,0,2,2,100,48,1,1,7,5,243,48.6,0,3,62,17,7,7,3,5,15,2,3,63,259,4.1,13,3,2,12,84,1,0,30:07,TRUE,TRUE,539babc5-e5fb-753b-8ae1-c15032a91ef4,TRUE,NA
2026_03_NYJ_DET,401872954,s:20~l:28~e:401872954,2026,2,2026-09-27T17:00Z,3,away,0,20,s:20~l:28~t:20,New York,Jets,NYJ,New York Jets,115740,ffffff,https://a.espncdn.com/i/teamlogos/nfl/500/nyj.png,1,24,1-2,31,37,277,8.7,3,0,5,44,NA,129.8,19,58,3.1,0,12,31,321,10.4,3,43,36,1,1,0,70,38,2,5,1,5,0,NA,NA,NA,5,122,24.4,27,0,NA,NA,NA,NA,NA,1,1,100,42,1,1,4,3,130,43.3,0,1,57,22,16,5,1,6,12,1,1,61,335,5.5,9,3,2,4,30,1,0,28:30,TRUE,TRUE,732d3caf-b350-1e34-48c6-b7cebb4a0d88,TRUE,NA
2026_03_NYJ_DET,401872954,s:20~l:28~e:401872954,2026,2,2026-09-27T17:00Z,3,home,1,8,s:20~l:28~t:8,Detroit,Lions,DET,Detroit Lions,0076b6,bbbbbb,https://a.espncdn.com/i/teamlogos/nfl/500/det.png,0,31,2-1,25,32,250,8.4,2,0,2,19,NA,122.5,30,131,4.4,2,17,25,269,10.8,2,49,31,0,0,1,69,44,5,8,3,7,0,NA,NA,NA,3,104,34.7,44,0,1,11,11,11,0,1,1,100,30,4,4,7,2,85,42.5,0,1,43,24,14,9,1,5,10,1,2,64,381,6,9,5,4,4,41,0,0,31:30,TRUE,TRUE,56caffee-178d-f6f2-a076-b277486b8c32,TRUE,NA
2026_03_HOU_IND,401872951,s:20~l:28~e:401872951,2026,2,2026-09-27T17:00Z,3,away,0,34,s:20~l:28~t:34,Houston,Texans,HOU,Houston Texans,021018,eb0028,https://a.espncdn.com/i/teamlogos/nfl/500/hou.png,1,17,0-3,16,27,153,6.2,1,0,3,14,NA,89.6,21,70,3.3,1,9,16,167,10.4,1,28,25,1,0,3,81,42,4,6,5,7,0,1,0,0,5,135,27,30,0,1,11,11,11,0,1,1,100,24,2,2,5,5,261,52.2,0,1,67,17,8,7,2,4,11,0,1,51,223,4.4,10,3,2,2,14,0,0,24:47,TRUE,TRUE,595690b3-2161-4913-a7a7-814af2fd2621,TRUE,NA
2026_03_HOU_IND,401872951,s:20~l:28~e:401872951,2026,2,2026-09-27T17:00Z,3,home,1,11,s:20~l:28~t:11,Indianapolis,Colts,IND,Indianapolis Colts,003b75,ffffff,https://a.espncdn.com/i/teamlogos/nfl/500/ind.png,0,19,1-2,24,36,211,6.5,1,1,4,24,NA,82.5,31,89,2.9,0,11,24,235,9.8,1,26,35,3,2,1,59,31,3,2,7,7,0,NA,NA,NA,1,32,32,32,0,2,25,12.5,20,0,4,4,100,58,1,1,13,1,58,58,0,0,58,19,11,8,0,7,15,2,2,71,300,4.2,10,3,1,6,41,3,0,35:13,TRUE,TRUE,582d14eb-da61-e505-cc40-d972a1b60ed1,TRUE,NA
2026_03_NE_JAX,401872957,s:20~l:28~e:401872957,2026,2,2026-09-27T17:00Z,3,away,0,17,s:20~l:28~t:17,New England,Patriots,NE,New England Patriots,002a5c,c60c30,https://a.espncdn.com/i/teamlogos/nfl/500/ne.png,1,6,1-2,18,31,234,7.9,0,2,3,11,NA,56.5,26,83,3.2,0,9,18,245,13.6,0,38,30,2,1,1,59,35,1,2,6,6,0,1,12,0,6,133,22.2,31,0,2,19,9.5,18,0,2,3,66.7,40,0,0,6,2,106,53,1,1,73,17,8,6,3,4,12,1,2,60,317,5.3,10,3,0,9,68,3,0,28:07,TRUE,TRUE,0078f353-fe3e-67ed-a42c-43cca0568e21,TRUE,NA
2026_03_NE_JAX,401872957,s:20~l:28~e:401872957,2026,2,2026-09-27T17:00Z,3,home,1,30,s:20~l:28~t:30,Jacksonville,Jaguars,JAX,Jacksonville Jaguars,007487,d7a22a,https://a.espncdn.com/i/teamlogos/nfl/500/jax.png,0,35,2-1,19,29,178,6.3,3,1,1,4,NA,102.9,30,137,4.6,2,15,19,182,9.6,3,23,27,0,0,1,74,32,3,0,4,5,0,2,31,0,2,63,31.5,42,0,NA,NA,NA,NA,NA,0,1,0,0,5,5,5,3,142,47.3,0,0,51,23,10,10,3,8,12,0,0,60,315,5.2,10,5,5,7,56,1,0,31:53,TRUE,TRUE,ca6fb778-cbf6-d9a3-3e93-01230335fcab,TRUE,NA
2026_03_KC_MIA,401872952,s:20~l:28~e:401872952,2026,2,2026-09-27T17:00Z,3,away,1,12,s:20~l:28~t:12,Kansas City,Chiefs,KC,Kansas City Chiefs,e31837,ffb612,https://a.espncdn.com/i/teamlogos/nfl/500/kc.png,1,24,3-0,20,24,246,10.3,2,1,0,0,NA,119.8,25,88,3.5,1,22,20,246,12.3,2,48,23,0,0,1,77,34,0,4,6,1,0,1,0,0,2,65,32.5,34,0,NA,NA,NA,NA,NA,1,2,50,34,3,3,6,1,62,62,1,0,62,18,11,5,2,3,7,0,1,49,334,6.8,9,5,3,8,50,1,0,25:39,TRUE,TRUE,f68f2343-8ceb-7a02-740d-af6338be21d2,TRUE,NA
2026_03_KC_MIA,401872952,s:20~l:28~e:401872952,2026,2,2026-09-27T17:00Z,3,home,0,15,s:20~l:28~t:15,Miami,Dolphins,MIA,Miami Dolphins,008e97,fc4c02,https://a.espncdn.com/i/teamlogos/nfl/500/mia.png,0,10,0-3,20,36,210,5.8,0,1,0,0,NA,61.1,31,119,3.8,1,11,20,210,10.5,0,44,36,1,1,0,63,29,0,6,2,5,0,1,18,0,5,134,26.8,39,0,NA,NA,NA,NA,NA,1,1,100,37,1,1,4,2,70,35,0,2,36,19,9,7,3,8,16,0,3,67,329,4.9,9,2,1,8,64,2,0,34:21,TRUE,TRUE,af33088b-1e19-d27d-dbc0-354fd7151703,TRUE,NA
2026_03_TEN_NYG,401872956,s:20~l:28~e:401872956,2026,2,2026-09-27T17:00Z,3,away,0,10,s:20~l:28~t:10,Tennessee,Titans,TEN,Tennessee Titans,4495d2,001532,https://a.espncdn.com/i/teamlogos/nfl/500/ten.png,1,7,0-3,23,36,181,5,1,1,0,0,NA,74,21,81,3.9,0,16,23,181,7.9,1,20,35,2,1,1,69,38,3,8,3,5,0,NA,NA,NA,2,54,27,34,0,4,38,9.5,14,0,0,1,0,0,1,1,1,5,239,47.8,0,3,55,17,11,4,2,5,13,0,1,57,262,4.6,10,3,1,7,63,2,0,25:34,TRUE,TRUE,0a0aea59-9a5e-01b3-57a3-0151cf4bf393,TRUE,NA
2026_03_TEN_NYG,401872956,s:20~l:28~e:401872956,2026,2,2026-09-27T17:00Z,3,home,1,19,s:20~l:28~t:19,New York,Giants,NYG,New York Giants,003c7f,c9243f,https://a.espncdn.com/i/teamlogos/nfl/500/nyg.png,0,12,2-1,14,22,100,5.4,0,0,3,18,NA,77.5,33,138,4.2,0,15,14,118,8.4,0,30,21,1,0,1,59,40,0,2,6,2,0,1,0,0,2,57,28.5,30,0,2,12,6,7,0,4,4,100,39,0,0,12,6,303,50.5,0,3,74,16,6,9,1,4,13,0,0,58,238,4.1,11,2,0,10,88,0,0,34:26,TRUE,TRUE,378600ea-2397-8364-8399-b7c1606a49a7,TRUE,NA
2026_03_CIN_PIT,401872950,s:20~l:28~e:401872950,2026,2,2026-09-27T17:00Z,3,away,0,4,s:20~l:28~t:4,Cincinnati,Bengals,CIN,Cincinnati Bengals,fb4f14,000000,https://a.espncdn.com/i/teamlogos/nfl/500/cin.png,1,27,2-1,28,37,269,7.6,3,0,1,13,NA,123.9,18,83,4.6,0,13,28,282,10.1,3,28,37,2,2,0,60,30,2,3,6,8,0,1,11,0,7,184,26.3,34,0,1,0,0,0,0,2,2,100,50,3,3,9,2,84,42,0,2,43,19,14,5,0,6,12,2,2,56,352,6.3,8,2,1,6,40,2,0,30:06,TRUE,TRUE,75b8623b-8926-b411-0476-3d3602b78523,TRUE,NA
2026_03_CIN_PIT,401872950,s:20~l:28~e:401872950,2026,2,2026-09-27T17:00Z,3,home,1,23,s:20~l:28~t:23,Pittsburgh,Steelers,PIT,Pittsburgh Steelers,000000,ffb612,https://a.espncdn.com/i/teamlogos/nfl/500/pit.png,0,30,2-1,19,34,273,8.6,3,1,2,19,NA,101.6,23,138,6,0,35,19,292,15.4,3,47,31,0,0,2,72,33,1,3,5,6,0,NA,NA,NA,5,102,20.4,22,0,1,5,5,5,0,3,3,100,44,3,3,12,1,51,51,0,1,51,22,13,7,2,7,12,0,0,59,411,7,10,3,1,5,37,1,0,29:54,TRUE,TRUE,debcd592-8d53-71f1-fc15-5c8b8ef9df6e,TRUE,NA
2026_03_SEA_WAS,401872955,s:20~l:28~e:401872955,2026,2,2026-09-27T17:00Z,3,away,0,26,s:20~l:28~t:26,Seattle,Seahawks,SEA,Seattle Seahawks,002a5c,69be28,https://a.espncdn.com/i/teamlogos/nfl/500/sea.png,1,31,2-1,32,46,393,8.5,4,2,0,0,NA,106.5,18,44,2.4,0,11,32,393,12.3,4,32,45,2,1,1,71,35,2,5,3,9,0,NA,NA,NA,3,92,30.7,36,0,3,29,9.7,13,0,1,1,100,57,4,4,7,4,174,43.5,1,0,52,28,22,3,3,3,9,0,1,64,437,6.8,13,5,4,8,53,3,0,28:32,TRUE,TRUE,3767a23c-a17d-294f-288a-9086ad1f0680,TRUE,NA
2026_03_SEA_WAS,401872955,s:20~l:28~e:401872955,2026,2,2026-09-27T17:00Z,3,home,1,28,s:20~l:28~t:28,Washington,Commanders,WAS,Washington Commanders,5a1414,ffb612,https://a.espncdn.com/i/teamlogos/nfl/500/wsh.png,0,33,1-2,19,31,176,5.9,3,0,2,7,NA,110,32,82,2.6,0,19,19,183,9.6,3,30,30,0,0,1,65,40,0,3,10,6,1,2,49,1,4,128,32,38,0,NA,NA,NA,NA,NA,2,2,100,57,3,4,9,7,343,49,1,3,60,17,10,5,2,3,13,1,1,65,258,4,13,3,2,9,57,0,1,31:28,TRUE,TRUE,fbeaf73e-6d6c-cca4-0809-713d9d741f90,TRUE,NA
2026_03_ARI_SF,401872958,s:20~l:28~e:401872958,2026,2,2026-09-27T20:05Z,3,away,0,22,s:20~l:28~t:22,Arizona,Cardinals,ARI,Arizona Cardinals,a40227,ffffff,https://a.espncdn.com/i/teamlogos/nfl/500/ari.png,1,30,1-2,38,52,272,5.4,2,0,2,8,NA,98.2,27,93,3.4,1,8,38,280,7.4,2,19,50,0,0,1,54,19,0,2,5,3,0,NA,NA,NA,6,157,26.2,29,0,2,20,10,10,0,3,3,100,49,3,3,12,4,201,50.3,1,2,63,27,18,6,3,9,18,2,2,81,365,4.5,10,5,3,10,86,0,0,38:44,TRUE,TRUE,8fc7b962-95e1-3cb8-6a7d-b499de9ad546,TRUE,NA
2026_03_ARI_SF,401872958,s:20~l:28~e:401872958,2026,2,2026-09-27T20:05Z,3,home,1,25,s:20~l:28~t:25,San Francisco,49ers,SF,San Francisco 49ers,aa0000,b3995d,https://a.espncdn.com/i/teamlogos/nfl/500/sf.png,0,36,3-0,15,27,297,11,4,0,0,0,NA,133.8,23,140,6.1,1,35,15,297,19.8,4,80,26,1,1,0,95,45,2,3,5,5,0,NA,NA,NA,4,79,19.8,28,0,2,7,3.5,7,0,1,1,100,57,3,5,6,3,145,48.3,0,1,57,23,14,7,2,5,8,0,0,50,437,8.7,10,2,2,7,69,1,0,21:16,TRUE,TRUE,985a261f-296c-c95c-32a5-addc4df75001,TRUE,NA
2026_03_MIN_TB,401872959,s:20~l:28~e:401872959,2026,2,2026-09-27T20:05Z,3,away,1,16,s:20~l:28~t:16,Minnesota,Vikings,MIN,Minnesota Vikings,4f2683,ffc62f,https://a.espncdn.com/i/teamlogos/nfl/500/min.png,1,23,3-0,15,29,152,5.8,1,1,3,16,NA,66.5,23,78,3.4,0,14,15,168,11.2,1,41,25,NA,NA,NA,73,34,6,6,7,12,1,2,0,0,5,132,26.4,31,0,4,106,26.5,86,1,3,3,100,56,2,2,11,8,372,46.5,0,2,63,9,5,4,0,2,15,1,1,55,230,4.2,13,0,0,9,95,1,1,29:03,TRUE,TRUE,3db556c9-ed76-a7a5-4ccb-a92fc6db4334,TRUE,NA
2026_03_MIN_TB,401872959,s:20~l:28~e:401872959,2026,2,2026-09-27T20:05Z,3,home,0,27,s:20~l:28~t:27,Tampa Bay,Buccaneers,TB,Tampa Bay Buccaneers,bd1c36,3e3a35,https://a.espncdn.com/i/teamlogos/nfl/500/tb.png,0,16,0-3,17,37,186,5.9,1,2,6,31,NA,67.9,21,57,2.7,0,9,17,217,12.8,1,40,36,NA,NA,NA,62,36,3,6,6,4,0,1,0,0,6,160,26.7,40,0,3,40,13.3,16,0,3,3,100,54,1,1,10,9,426,47.3,0,2,59,11,7,2,2,2,17,0,2,64,243,3.8,15,2,0,8,81,2,0,30:57,TRUE,TRUE,13e8b157-a75a-ff24-ae91-fa3d52ddf204,TRUE,NA
2026_03_BAL_DAL,401872960,s:20~l:28~e:401872960,2026,2,2026-09-27T20:25Z,3,away,1,33,s:20~l:28~t:33,Baltimore,Ravens,BAL,Baltimore Ravens,29126f,000000,https://a.espncdn.com/i/teamlogos/nfl/500/bal.png,1,34,2-1,15,20,186,9.3,2,0,0,0,NA,136.7,38,192,5.1,2,29,15,186,12.4,2,31,20,0,0,1,72,41,1,6,5,8,0,NA,NA,NA,3,39,13,23,0,1,24,24,24,0,2,2,100,56,4,4,10,3,149,49.7,0,0,58,23,11,9,3,3,9,0,2,58,378,6.5,12,6,4,9,78,0,0,29:22,TRUE,TRUE,38248455-3da4-84e4-8090-98b5cc38ffdc,TRUE,NFL Rio Game
2026_03_BAL_DAL,401872960,s:20~l:28~e:401872960,2026,2,2026-09-27T20:25Z,3,home,0,6,s:20~l:28~t:6,Dallas,Cowboys,DAL,Dallas Cowboys,002a5c,b0b7bc,https://a.espncdn.com/i/teamlogos/nfl/500/dal.png,0,31,1-2,25,40,267,6.9,1,0,1,9,NA,91.2,30,148,4.9,2,22,25,276,11,1,49,40,2,1,1,65,39,0,4,1,1,0,NA,NA,NA,1,31,31,31,0,3,34,11.3,17,0,3,4,75,38,2,2,11,2,99,49.5,0,1,60,27,14,10,3,5,13,1,2,71,415,5.8,11,5,3,7,88,1,0,30:38,TRUE,TRUE,b0fc8fb7-9dbe-e574-9008-6f0ee7c6b234,TRUE,NFL Rio Game
2026_03_LV_NO,401872961,s:20~l:28~e:401872961,2026,2,2026-09-27T20:25Z,3,away,1,13,s:20~l:28~t:13,Las Vegas,Raiders,LV,Las Vegas Raiders,000000,a5acaf,https://a.espncdn.com/i/teamlogos/nfl/500/lv.png,1,35,3-0,22,33,227,7.5,3,0,3,21,NA,119.3,27,113,4.2,1,36,22,248,11.3,3,22,31,3,1,5,73,47,2,5,4,8,0,1,35,0,3,83,27.7,32,0,1,13,13,13,0,3,3,100,41,2,2,11,3,147,49,0,1,62,24,16,4,4,7,12,0,0,63,340,5.4,12,6,3,5,19,1,0,27:32,TRUE,TRUE,b18540eb-6f2b-534c-e7f9-9bd930518da9,TRUE,NA
2026_03_LV_NO,401872961,s:20~l:28~e:401872961,2026,2,2026-09-27T20:25Z,3,home,0,18,s:20~l:28~t:18,New Orleans,Saints,NO,New Orleans Saints,d3bc8d,000000,https://a.espncdn.com/i/teamlogos/nfl/500/no.png,0,27,1-2,29,42,233,6.1,4,1,2,22,NA,106.7,28,148,5.3,0,36,29,255,8.8,4,22,40,4,3,1,68,35,3,5,3,6,0,NA,NA,NA,6,123,20.5,22,0,1,11,11,11,0,0,0,0,0,3,4,3,3,132,44,0,1,47,27,18,8,1,9,15,0,1,72,381,5.3,11,4,4,8,36,4,0,32:28,TRUE,TRUE,97d2f6c9-2f22-459c-306a-046941ccab2a,TRUE,NA
2026_03_LA_DEN,401872962,s:20~l:28~e:401872962,2026,2,2026-09-28T00:20Z,3,away,0,14,s:20~l:28~t:14,Los Angeles,Rams,LA,Los Angeles Rams,003594,ffd100,https://a.espncdn.com/i/teamlogos/nfl/500/lar.png,1,26,1-2,30,55,366,7.1,2,2,4,24,NA,74.1,23,116,5,0,30,30,390,13,2,49,49,NA,NA,NA,64,28,1,2,8,3,0,1,26,0,5,113,22.6,29,0,2,26,13,16,0,4,4,100,48,2,2,14,4,179,44.8,0,1,57,26,19,6,1,8,17,1,1,82,482,5.9,12,4,1,13,91,2,0,34:29,TRUE,TRUE,2e1473b2-e269-fd7a-1137-c1edacb85986,TRUE,NA
2026_03_LA_DEN,401872962,s:20~l:28~e:401872962,2026,2,2026-09-28T00:20Z,3,home,1,7,s:20~l:28~t:7,Denver,Broncos,DEN,Denver Broncos,0a2343,fc4c02,https://a.espncdn.com/i/teamlogos/nfl/500/den.png,0,30,2-1,17,34,179,5.5,2,1,1,7,NA,73.9,25,78,3.1,1,14,17,186,10.9,2,39,31,1,0,1,71,47,4,8,7,14,1,2,66,1,4,107,26.8,31,0,3,39,13,28,0,0,1,0,0,2,2,2,5,248,49.6,0,2,62,20,10,6,4,7,13,0,0,60,257,4.3,10,3,3,5,38,1,1,25:31,TRUE,TRUE,51042145-e3c1-0694-ae0d-f720342ff8fc,TRUE,NA
2026_03_PHI_CHI,401872963,s:20~l:28~e:401872963,2026,2,2026-09-29T00:15Z,3,away,0,21,s:20~l:28~t:21,Philadelphia,Eagles,PHI,Philadelphia Eagles,06424d,000000,https://a.espncdn.com/i/teamlogos/nfl/500/phi.png,1,7,2-1,16,26,141,5.9,0,2,2,12,NA,64.2,19,107,5.6,1,20,16,153,9.6,0,30,25,1,1,0,80,39,0,5,6,3,0,NA,NA,NA,3,70,23.3,27,0,1,8,8,8,0,0,0,0,0,1,1,1,4,167,41.8,0,2,50,14,6,7,1,2,9,0,2,47,248,5.3,9,2,1,10,61,3,0,23:07,TRUE,TRUE,d1a9b001-1df7-fbd7-ae4c-6ca7065286ec,TRUE,NA
2026_03_PHI_CHI,401872963,s:20~l:28~e:401872963,2026,2,2026-09-29T00:15Z,3,home,1,3,s:20~l:28~t:3,Chicago,Bears,CHI,Chicago Bears,0b1c3a,e64100,https://a.espncdn.com/i/teamlogos/nfl/500/chi.png,0,27,2-1,24,34,247,7.3,2,0,0,0,NA,110.8,35,128,3.7,1,15,24,247,10.3,2,41,34,1,0,2,50,31,2,5,4,4,0,2,0,0,1,32,32,32,0,2,15,7.5,9,0,2,2,100,48,3,3,9,2,105,52.5,1,0,55,24,14,6,4,5,13,2,3,69,375,5.4,9,5,2,5,45,0,0,36:53,TRUE,TRUE,19d73366-b5a5-cca2-a176-a2c024ce0bb3,TRUE,NA
2026_04_PIT_CLE,401872964,s:20~l:28~e:401872964,2026,2,2026-10-02T00:15Z,4,away,0,23,s:20~l:28~t:23,Pittsburgh,Steelers,PIT,Pittsburgh Steelers,000000,ffb612,https://a.espncdn.com/i/teamlogos/nfl/500/pit.png,1,24,2-2,22,40,269,7.5,3,2,5,30,NA,83.2,19,92,4.8,0,24,22,299,13.6,3,49,39,0,0,1,69,44,2,4,7,5,0,1,0,0,4,96,24,27,0,2,30,15,15,0,1,2,50,31,1,1,4,5,259,51.8,1,3,62,24,11,8,5,4,13,0,0,64,361,5.6,12,3,2,8,50,2,0,31:11,TRUE,TRUE,debcd592-8d53-71f1-fc15-5c8b8ef9df6e,TRUE,NA
2026_04_PIT_CLE,401872964,s:20~l:28~e:401872964,2026,2,2026-10-02T00:15Z,4,home,1,5,s:20~l:28~t:5,Cleveland,Browns,CLE,Cleveland Browns,472a08,ff3c00,https://a.espncdn.com/i/teamlogos/nfl/500/cle.png,0,27,3-1,24,33,260,8.1,1,1,2,8,NA,94,27,112,4.1,2,28,24,268,11.2,1,60,33,2,1,1,67,35,5,7,8,10,0,2,0,0,4,99,24.8,33,0,2,10,5,10,0,2,2,100,56,3,3,9,4,251,62.8,1,1,81,22,14,6,2,4,10,0,0,62,372,6,13,2,2,14,88,2,0,28:49,TRUE,TRUE,539babc5-e5fb-753b-8ae1-c15032a91ef4,TRUE,NA
